<?xml version="1.0" encoding="UTF-8"?>
<doctrine-mapping xmlns="http://doctrine-project.org/schemas/orm/doctrine-mapping"
                  xmlns:xsi="http://www.w3.org/2001/XMLSchema-instance"
                  xsi:schemaLocation="http://doctrine-project.org/schemas/orm/doctrine-mapping
                          https://www.doctrine-project.org/schemas/orm/doctrine-mapping.xsd">

    <entity name="Guess\Domain\League\League" table="league" repository-class="Guess\Infrastructure\Doctrine\LeagueRepository">

        <id name="id" type="integer" column="id">
            <generator />
        </id>

        <field name="name" column="name" length="50" nullable="true" />
        <field name="leagueNameSlugged" column="league_name_slugged" length="50" nullable="true" />
        <field name="logo" column="logo" length="150" nullable="true" />
        <field name="leagueApiId" column="league_api_id" length="150" nullable="true" />

    </entity>

</doctrine-mapping>
