<?xml version="1.0" encoding="UTF-8"?>
<doctrine-mapping xmlns="http://doctrine-project.org/schemas/orm/doctrine-mapping"
                  xmlns:xsi="http://www.w3.org/2001/XMLSchema-instance"
                  xsi:schemaLocation="http://doctrine-project.org/schemas/orm/doctrine-mapping
                          https://www.doctrine-project.org/schemas/orm/doctrine-mapping.xsd">

    <entity name="Guess\Domain\Player\Guess" table="guess">

        <id name="id" type="integer" column="id">
            <generator strategy="AUTO"/>
        </id>

        <field name="guess" column="guess" length="50" nullable="true" />

        <field name="createdAt" column="created_at" type="datetime" />

        <many-to-one field="game" target-entity="Guess\Domain\Game\Game" inversed-by="guesses">
            <cascade><cascade-remove /></cascade>
            <join-column name="game_id" referenced-column-name="id" on-delete="CASCADE" on-update="CASCADE"/>
        </many-to-one>

        <many-to-one field="player" target-entity="Guess\Domain\Player\Player" inversed-by="guesses">
            <cascade><cascade-remove /></cascade>
            <join-column name="player_id" referenced-column-name="id" on-delete="CASCADE" on-update="CASCADE"/>
        </many-to-one>

    </entity>

</doctrine-mapping>
